Filename , Filepath
COMMIT_EDITMSG , C:\Users\Sahil\eclipse-workspace\DynamicArray\src\dynamicarray\.git\COMMIT_EDITMSG
config , C:\Users\Sahil\eclipse-workspace\DynamicArray\src\dynamicarray\.git\config
description , C:\Users\Sahil\eclipse-workspace\DynamicArray\src\dynamicarray\.git\description
HEAD , C:\Users\Sahil\eclipse-workspace\DynamicArray\src\dynamicarray\.git\HEAD
applypatch-msg.sample , C:\Users\Sahil\eclipse-workspace\DynamicArray\src\dynamicarray\.git\hooks\applypatch-msg.sample
commit-msg.sample , C:\Users\Sahil\eclipse-workspace\DynamicArray\src\dynamicarray\.git\hooks\commit-msg.sample
fsmonitor-watchman.sample , C:\Users\Sahil\eclipse-workspace\DynamicArray\src\dynamicarray\.git\hooks\fsmonitor-watchman.sample
post-update.sample , C:\Users\Sahil\eclipse-workspace\DynamicArray\src\dynamicarray\.git\hooks\post-update.sample
pre-applypatch.sample , C:\Users\Sahil\eclipse-workspace\DynamicArray\src\dynamicarray\.git\hooks\pre-applypatch.sample
pre-commit.sample , C:\Users\Sahil\eclipse-workspace\DynamicArray\src\dynamicarray\.git\hooks\pre-commit.sample
pre-push.sample , C:\Users\Sahil\eclipse-workspace\DynamicArray\src\dynamicarray\.git\hooks\pre-push.sample
pre-rebase.sample , C:\Users\Sahil\eclipse-workspace\DynamicArray\src\dynamicarray\.git\hooks\pre-rebase.sample
pre-receive.sample , C:\Users\Sahil\eclipse-workspace\DynamicArray\src\dynamicarray\.git\hooks\pre-receive.sample
prepare-commit-msg.sample , C:\Users\Sahil\eclipse-workspace\DynamicArray\src\dynamicarray\.git\hooks\prepare-commit-msg.sample
update.sample , C:\Users\Sahil\eclipse-workspace\DynamicArray\src\dynamicarray\.git\hooks\update.sample
index , C:\Users\Sahil\eclipse-workspace\DynamicArray\src\dynamicarray\.git\index
exclude , C:\Users\Sahil\eclipse-workspace\DynamicArray\src\dynamicarray\.git\info\exclude
HEAD , C:\Users\Sahil\eclipse-workspace\DynamicArray\src\dynamicarray\.git\logs\HEAD
master , C:\Users\Sahil\eclipse-workspace\DynamicArray\src\dynamicarray\.git\logs\refs\heads\master
master , C:\Users\Sahil\eclipse-workspace\DynamicArray\src\dynamicarray\.git\logs\refs\remotes\origin\master
c621260774c3abf104deb5fe1bc1cae0741712 , C:\Users\Sahil\eclipse-workspace\DynamicArray\src\dynamicarray\.git\objects\10\c621260774c3abf104deb5fe1bc1cae0741712
5c49e3f300372dbda93a3631cb542df442dbd0 , C:\Users\Sahil\eclipse-workspace\DynamicArray\src\dynamicarray\.git\objects\16\5c49e3f300372dbda93a3631cb542df442dbd0
1d804be9aeb3161ea71906b50145366950c4b8 , C:\Users\Sahil\eclipse-workspace\DynamicArray\src\dynamicarray\.git\objects\1d\1d804be9aeb3161ea71906b50145366950c4b8
6f5597163172f41a9770382b1dce09f6fbb805 , C:\Users\Sahil\eclipse-workspace\DynamicArray\src\dynamicarray\.git\objects\26\6f5597163172f41a9770382b1dce09f6fbb805
ded5c89d13d7a39915b9840870aa6db0daf238 , C:\Users\Sahil\eclipse-workspace\DynamicArray\src\dynamicarray\.git\objects\33\ded5c89d13d7a39915b9840870aa6db0daf238
a7a4727c827d7c6ea54cb654035a33cb62cb90 , C:\Users\Sahil\eclipse-workspace\DynamicArray\src\dynamicarray\.git\objects\36\a7a4727c827d7c6ea54cb654035a33cb62cb90
b74f22070b6366d88d866b5f660d935f88d657 , C:\Users\Sahil\eclipse-workspace\DynamicArray\src\dynamicarray\.git\objects\41\b74f22070b6366d88d866b5f660d935f88d657
3df39820d63eb4139d12dfa110432170eb28eb , C:\Users\Sahil\eclipse-workspace\DynamicArray\src\dynamicarray\.git\objects\47\3df39820d63eb4139d12dfa110432170eb28eb
013b3f4b730d9a11837fd7bef25737f4957429 , C:\Users\Sahil\eclipse-workspace\DynamicArray\src\dynamicarray\.git\objects\52\013b3f4b730d9a11837fd7bef25737f4957429
088b00f877710be694d09e4f81e7438f8967d1 , C:\Users\Sahil\eclipse-workspace\DynamicArray\src\dynamicarray\.git\objects\53\088b00f877710be694d09e4f81e7438f8967d1
92d5f69e9707966354ec86c204db451f4c5b1a , C:\Users\Sahil\eclipse-workspace\DynamicArray\src\dynamicarray\.git\objects\5c\92d5f69e9707966354ec86c204db451f4c5b1a
7ded8d35e2efed697b21d2f4262a7ef66b6b71 , C:\Users\Sahil\eclipse-workspace\DynamicArray\src\dynamicarray\.git\objects\5d\7ded8d35e2efed697b21d2f4262a7ef66b6b71
85f875774f9a97840e7f0cf054a0b98d12fc97 , C:\Users\Sahil\eclipse-workspace\DynamicArray\src\dynamicarray\.git\objects\72\85f875774f9a97840e7f0cf054a0b98d12fc97
ec3706470f8e934a4b2ed574575012d51dfc2a , C:\Users\Sahil\eclipse-workspace\DynamicArray\src\dynamicarray\.git\objects\a4\ec3706470f8e934a4b2ed574575012d51dfc2a
af63a14dd010238e2d3a064309ea8940d47bad , C:\Users\Sahil\eclipse-workspace\DynamicArray\src\dynamicarray\.git\objects\b7\af63a14dd010238e2d3a064309ea8940d47bad
befa492c902cc22d90551dd54062a87580b02b , C:\Users\Sahil\eclipse-workspace\DynamicArray\src\dynamicarray\.git\objects\de\befa492c902cc22d90551dd54062a87580b02b
9de29bb2d1d6434b8b29ae775ad8c2e48c5391 , C:\Users\Sahil\eclipse-workspace\DynamicArray\src\dynamicarray\.git\objects\e6\9de29bb2d1d6434b8b29ae775ad8c2e48c5391
04243faff1813c77e72edd7a5aeb9d9c06f024 , C:\Users\Sahil\eclipse-workspace\DynamicArray\src\dynamicarray\.git\objects\ec\04243faff1813c77e72edd7a5aeb9d9c06f024
2160ea85ebe894f4d240f8f46638ec3481bb0d , C:\Users\Sahil\eclipse-workspace\DynamicArray\src\dynamicarray\.git\objects\f4\2160ea85ebe894f4d240f8f46638ec3481bb0d
0dba77bba27f2a2f700dfbd0b847aa08de20d8 , C:\Users\Sahil\eclipse-workspace\DynamicArray\src\dynamicarray\.git\objects\f7\0dba77bba27f2a2f700dfbd0b847aa08de20d8
master , C:\Users\Sahil\eclipse-workspace\DynamicArray\src\dynamicarray\.git\refs\heads\master
master , C:\Users\Sahil\eclipse-workspace\DynamicArray\src\dynamicarray\.git\refs\remotes\origin\master
Contains destination path , C:\Users\Sahil\eclipse-workspace\DynamicArray\src\dynamicarray\Contains destination path
DynamicArray.java , C:\Users\Sahil\eclipse-workspace\DynamicArray\src\dynamicarray\DynamicArray.java
DynamicArrayUsingVector.java , C:\Users\Sahil\eclipse-workspace\DynamicArray\src\dynamicarray\DynamicArrayUsingVector.java
FileListClassCode.java , C:\Users\Sahil\eclipse-workspace\DynamicArray\src\dynamicarray\FileListClassCode.java
FileListing.jar , C:\Users\Sahil\eclipse-workspace\DynamicArray\src\dynamicarray\FileListing.jar
FileListing.java , C:\Users\Sahil\eclipse-workspace\DynamicArray\src\dynamicarray\FileListing.java
new.csv , C:\Users\Sahil\eclipse-workspace\DynamicArray\src\dynamicarray\new.csv
pathMulti.txt , C:\Users\Sahil\eclipse-workspace\DynamicArray\src\dynamicarray\pathMulti.txt
